UTC,Local,Temperature,Counts,Frequency,MSAS
2020-08-23T05:01:46.515,2020-08-23T12:01:46.515,29.6,0,33278,8.52
2020-08-23T05:02:16.081,2020-08-23T12:02:16.081,29.9,0,37507,8.38
2020-08-23T05:02:46.077,2020-08-23T12:02:46.077,30.6,0,37253,8.39
2020-08-23T05:03:16.079,2020-08-23T12:03:16.079,30.6,0,37128,8.39
2020-08-23T05:03:46.077,2020-08-23T12:03:46.077,30.9,0,37094,8.40
2020-08-23T05:04:16.075,2020-08-23T12:04:16.075,31.5,0,36952,8.40
2020-08-23T05:04:46.085,2020-08-23T12:04:46.085,31.9,0,37074,8.40
2020-08-23T05:05:16.080,2020-08-23T12:05:16.080,32.2,0,37081,8.40
2020-08-23T05:05:46.080,2020-08-23T12:05:46.080,32.5,0,37292,8.39
2020-08-23T05:06:16.079,2020-08-23T12:06:16.079,33.1,0,36024,8.43
2020-08-23T05:06:46.091,2020-08-23T12:06:46.091,33.5,0,33129,8.52
2020-08-23T05:07:16.078,2020-08-23T12:07:16.078,33.8,0,27853,8.71
2020-08-23T05:07:46.079,2020-08-23T12:07:46.079,33.8,0,19872,9.07
2020-08-23T05:08:16.075,2020-08-23T12:08:16.075,34.4,0,15426,9.34
2020-08-23T05:08:46.084,2020-08-23T12:08:46.084,34.8,0,13624,9.48
2020-08-23T05:09:16.080,2020-08-23T12:09:16.080,35.1,0,12949,9.53
2020-08-23T05:09:46.098,2020-08-23T12:09:46.098,35.4,0,12665,9.56
2020-08-23T05:10:16.084,2020-08-23T12:10:16.084,35.7,0,12479,9.58
2020-08-23T05:10:46.077,2020-08-23T12:10:46.077,36.0,0,12598,9.57
2020-08-23T05:11:16.077,2020-08-23T12:11:16.077,36.0,0,12854,9.54
2020-08-23T05:11:46.077,2020-08-23T12:11:46.077,36.4,0,13204,9.51
2020-08-23T05:12:16.114,2020-08-23T12:12:16.114,36.7,0,13669,9.48
2020-08-23T05:12:46.087,2020-08-23T12:12:46.087,36.7,0,13822,9.47
2020-08-23T05:13:16.085,2020-08-23T12:13:16.085,37.0,0,13888,9.46
2020-08-23T05:13:46.083,2020-08-23T12:13:46.083,37.3,0,14244,9.43
2020-08-23T05:14:16.085,2020-08-23T12:14:16.085,37.3,0,14832,9.39
2020-08-23T05:14:46.093,2020-08-23T12:14:46.093,37.7,0,15304,9.35
2020-08-23T05:15:16.077,2020-08-23T12:15:16.077,37.7,0,15030,9.37
2020-08-23T05:15:46.093,2020-08-23T12:15:46.093,37.7,0,16253,9.29
2020-08-23T05:16:16.085,2020-08-23T12:16:16.085,38.0,0,17170,9.23
2020-08-23T05:16:46.078,2020-08-23T12:16:46.078,38.0,0,17874,9.19
2020-08-23T05:17:16.089,2020-08-23T12:17:16.089,38.0,0,20470,9.04
2020-08-23T05:17:46.088,2020-08-23T12:17:46.088,38.3,0,21400,8.99
2020-08-23T05:18:16.082,2020-08-23T12:18:16.082,38.3,0,31471,8.57
2020-08-23T05:18:46.098,2020-08-23T12:18:46.098,38.3,0,40585,8.30
2020-08-23T05:19:16.078,2020-08-23T12:19:16.078,38.6,0,37401,8.38
2020-08-23T05:19:46.075,2020-08-23T12:19:46.075,38.6,0,18317,9.16
2020-08-23T05:20:16.087,2020-08-23T12:20:16.087,38.6,0,23842,8.87
2020-08-23T05:20:46.074,2020-08-23T12:20:46.074,38.6,0,31153,8.58
2020-08-23T05:21:16.080,2020-08-23T12:21:16.080,39.0,0,28136,8.69
2020-08-23T05:21:46.081,2020-08-23T12:21:46.081,39.0,0,22964,8.91
2020-08-23T05:22:16.111,2020-08-23T12:22:16.111,39.0,0,16655,9.26
2020-08-23T05:22:46.074,2020-08-23T12:22:46.074,39.0,0,18543,9.15
2020-08-23T05:23:16.080,2020-08-23T12:23:16.080,39.3,0,31340,8.58
2020-08-23T05:23:46.078,2020-08-23T12:23:46.078,39.3,0,38002,8.37
2020-08-23T05:24:16.078,2020-08-23T12:24:16.078,39.3,0,36597,8.41
2020-08-23T05:24:46.079,2020-08-23T12:24:46.079,39.6,0,31368,8.57
2020-08-23T05:25:16.083,2020-08-23T12:25:16.083,39.6,0,34975,8.46
2020-08-23T05:25:46.081,2020-08-23T12:25:46.081,39.6,0,36862,8.41
2020-08-23T05:26:16.075,2020-08-23T12:26:16.075,39.6,0,18196,9.17
2020-08-23T05:26:46.079,2020-08-23T12:26:46.079,39.9,0,19053,9.12
2020-08-23T05:27:16.077,2020-08-23T12:27:16.077,39.9,0,16571,9.27
2020-08-23T05:27:46.076,2020-08-23T12:27:46.076,39.9,0,28146,8.69
2020-08-23T05:28:16.093,2020-08-23T12:28:16.093,39.9,0,29157,8.66
2020-08-23T05:28:46.083,2020-08-23T12:28:46.083,40.2,0,17225,9.23
2020-08-23T05:29:16.079,2020-08-23T12:29:16.079,40.2,0,35550,8.44
2020-08-23T05:29:46.080,2020-08-23T12:29:46.080,40.6,0,18620,9.14
2020-08-23T05:30:16.079,2020-08-23T12:30:16.079,40.6,0,34057,8.48
2020-08-23T05:30:46.090,2020-08-23T12:30:46.090,40.6,0,36523,8.41
2020-08-23T05:31:16.080,2020-08-23T12:31:16.080,40.6,0,30515,8.60
2020-08-23T05:31:46.076,2020-08-23T12:31:46.076,40.6,0,34880,8.46
2020-08-23T05:32:16.076,2020-08-23T12:32:16.076,40.9,0,35360,8.44
2020-08-23T05:32:46.078,2020-08-23T12:32:46.078,40.9,0,31351,8.58
2020-08-23T05:33:16.081,2020-08-23T12:33:16.081,41.2,0,33145,8.52
2020-08-23T05:33:46.075,2020-08-23T12:33:46.075,41.2,0,33056,8.52
2020-08-23T05:34:16.083,2020-08-23T12:34:16.083,41.2,0,33101,8.52
2020-08-23T05:34:46.079,2020-08-23T12:34:46.079,41.5,0,33290,8.51
2020-08-23T05:35:16.084,2020-08-23T12:35:16.084,41.5,0,33402,8.51
2020-08-23T05:35:46.073,2020-08-23T12:35:46.073,41.9,0,33396,8.51
2020-08-23T05:36:16.075,2020-08-23T12:36:16.075,41.9,0,33261,8.52
2020-08-23T05:36:46.076,2020-08-23T12:36:46.076,41.9,0,33786,8.50
2020-08-23T05:37:16.074,2020-08-23T12:37:16.074,41.9,0,33565,8.50
2020-08-23T05:37:46.076,2020-08-23T12:37:46.076,42.2,0,34350,8.48
2020-08-23T05:38:16.080,2020-08-23T12:38:16.080,42.2,0,34945,8.46
2020-08-23T05:38:46.084,2020-08-23T12:38:46.084,42.5,0,35382,8.44
2020-08-23T05:39:16.086,2020-08-23T12:39:16.086,42.5,0,31611,8.57
2020-08-23T05:39:46.077,2020-08-23T12:39:46.077,42.5,0,34217,8.48
2020-08-23T05:40:16.090,2020-08-23T12:40:16.090,42.5,0,31411,8.57
2020-08-23T05:40:46.074,2020-08-23T12:40:46.074,42.8,0,12188,9.60
2020-08-23T05:41:16.083,2020-08-23T12:41:16.083,42.8,0,10854,9.73
2020-08-23T05:41:46.076,2020-08-23T12:41:46.076,42.8,0,10752,9.73
2020-08-23T05:42:16.076,2020-08-23T12:42:16.076,42.8,0,11309,9.68
2020-08-23T05:42:46.111,2020-08-23T12:42:46.111,42.8,0,11943,9.62
2020-08-23T05:43:16.077,2020-08-23T12:43:16.077,42.8,0,13095,9.52
2020-08-23T05:43:46.080,2020-08-23T12:43:46.080,42.8,0,12129,9.60
2020-08-23T05:44:16.077,2020-08-23T12:44:16.077,42.8,0,37434,8.38
2020-08-23T05:44:46.076,2020-08-23T12:44:46.076,42.5,0,37041,8.40
2020-08-23T05:45:16.083,2020-08-23T12:45:16.083,42.8,0,36339,8.42
2020-08-23T05:45:46.081,2020-08-23T12:45:46.081,42.8,0,35845,8.43
2020-08-23T05:46:16.083,2020-08-23T12:46:16.083,42.5,0,34985,8.46
2020-08-23T05:46:46.079,2020-08-23T12:46:46.079,42.5,0,34748,8.47
2020-08-23T05:47:16.077,2020-08-23T12:47:16.077,42.5,0,32450,8.54
2020-08-23T05:47:46.082,2020-08-23T12:47:46.082,42.2,0,34575,8.47
2020-08-23T05:48:16.090,2020-08-23T12:48:16.090,42.2,0,34688,8.47
2020-08-23T05:48:46.080,2020-08-23T12:48:46.080,42.2,0,34868,8.46
2020-08-23T05:49:16.078,2020-08-23T12:49:16.078,42.2,0,35089,8.45
2020-08-23T05:49:46.075,2020-08-23T12:49:46.075,42.2,0,35191,8.45
2020-08-23T05:50:16.079,2020-08-23T12:50:16.079,41.9,0,35605,8.44
2020-08-23T05:50:46.082,2020-08-23T12:50:46.082,42.2,0,36220,8.42
2020-08-23T05:51:16.076,2020-08-23T12:51:16.076,42.2,0,23808,8.87
2020-08-23T05:51:46.086,2020-08-23T12:51:46.086,41.9,0,12419,9.58
2020-08-23T05:52:16.078,2020-08-23T12:52:16.078,42.2,0,35639,8.44
2020-08-23T05:52:46.081,2020-08-23T12:52:46.081,41.9,0,35544,8.44
2020-08-23T05:53:16.077,2020-08-23T12:53:16.077,41.9,0,35222,8.45
2020-08-23T05:53:46.078,2020-08-23T12:53:46.078,42.2,0,34802,8.47
2020-08-23T05:54:16.075,2020-08-23T12:54:16.075,42.2,0,34687,8.47
2020-08-23T05:54:46.078,2020-08-23T12:54:46.078,41.9,0,34486,8.48
2020-08-23T05:55:16.084,2020-08-23T12:55:16.084,41.9,0,33857,8.49
2020-08-23T05:55:46.080,2020-08-23T12:55:46.080,42.2,0,33587,8.50
2020-08-23T05:56:16.093,2020-08-23T12:56:16.093,42.2,0,8792,9.96
2020-08-23T05:56:46.075,2020-08-23T12:56:46.075,42.2,0,33452,8.51
2020-08-23T05:57:16.095,2020-08-23T12:57:16.095,42.2,0,32384,8.54
2020-08-23T05:57:46.074,2020-08-23T12:57:46.074,42.2,0,31939,8.56
2020-08-23T05:58:16.082,2020-08-23T12:58:16.082,42.2,0,31679,8.56
2020-08-23T05:58:46.077,2020-08-23T12:58:46.077,42.2,0,31498,8.57
2020-08-23T05:59:16.079,2020-08-23T12:59:16.079,42.2,0,31243,8.58
2020-08-23T05:59:46.075,2020-08-23T12:59:46.075,42.2,0,31269,8.58
2020-08-23T06:00:16.083,2020-08-23T13:00:16.083,42.2,0,31286,8.58
2020-08-23T06:00:46.077,2020-08-23T13:00:46.077,42.5,0,31142,8.58
2020-08-23T06:01:16.075,2020-08-23T13:01:16.075,42.2,0,31026,8.58
2020-08-23T06:01:46.076,2020-08-23T13:01:46.076,42.2,0,31019,8.58
2020-08-23T06:02:16.074,2020-08-23T13:02:16.074,42.2,0,30883,8.59
2020-08-23T06:02:46.077,2020-08-23T13:02:46.077,42.2,0,30863,8.59
2020-08-23T06:03:16.073,2020-08-23T13:03:16.073,42.2,0,30790,8.59
2020-08-23T06:03:46.074,2020-08-23T13:03:46.074,42.2,0,30633,8.60
2020-08-23T06:04:16.073,2020-08-23T13:04:16.073,42.2,0,30649,8.60
2020-08-23T06:04:46.074,2020-08-23T13:04:46.074,42.2,0,30554,8.60
2020-08-23T06:05:16.093,2020-08-23T13:05:16.093,42.2,0,30585,8.60
2020-08-23T06:05:46.079,2020-08-23T13:05:46.079,41.9,0,30430,8.61
2020-08-23T06:06:16.077,2020-08-23T13:06:16.077,41.9,0,30504,8.60
2020-08-23T06:06:46.078,2020-08-23T13:06:46.078,41.9,0,30428,8.61
2020-08-23T06:07:16.075,2020-08-23T13:07:16.075,41.9,0,30326,8.61
2020-08-23T06:07:46.076,2020-08-23T13:07:46.076,41.9,0,30310,8.61
2020-08-23T06:08:16.081,2020-08-23T13:08:16.081,41.9,0,30293,8.61
2020-08-23T06:08:46.077,2020-08-23T13:08:46.077,41.5,0,30139,8.62
2020-08-23T06:09:16.077,2020-08-23T13:09:16.077,41.5,0,30096,8.62
2020-08-23T06:09:46.078,2020-08-23T13:09:46.078,41.5,0,30141,8.62
2020-08-23T06:10:16.077,2020-08-23T13:10:16.077,41.5,0,30179,8.62
2020-08-23T06:10:46.074,2020-08-23T13:10:46.074,41.9,0,30086,8.62
2020-08-23T06:11:16.074,2020-08-23T13:11:16.074,41.5,0,29978,8.62
2020-08-23T06:11:46.083,2020-08-23T13:11:46.083,41.9,0,29929,8.63
2020-08-23T06:12:16.083,2020-08-23T13:12:16.083,41.5,0,29872,8.63
2020-08-23T06:12:46.077,2020-08-23T13:12:46.077,41.5,0,29868,8.63
2020-08-23T06:13:16.103,2020-08-23T13:13:16.103,41.9,0,29821,8.63
2020-08-23T06:13:46.076,2020-08-23T13:13:46.076,41.9,0,29822,8.63
2020-08-23T06:14:16.074,2020-08-23T13:14:16.074,41.9,0,29799,8.63
2020-08-23T06:14:46.078,2020-08-23T13:14:46.078,41.9,0,29762,8.63
2020-08-23T06:15:16.079,2020-08-23T13:15:16.079,41.9,0,29812,8.63
2020-08-23T06:15:46.072,2020-08-23T13:15:46.072,42.2,0,29793,8.63
2020-08-23T06:16:16.077,2020-08-23T13:16:16.077,42.2,0,29928,8.63
2020-08-23T06:16:46.081,2020-08-23T13:16:46.081,42.2,0,30094,8.62
2020-08-23T06:17:16.083,2020-08-23T13:17:16.083,42.2,0,30104,8.62
2020-08-23T06:17:46.073,2020-08-23T13:17:46.073,42.2,0,30039,8.62
2020-08-23T06:18:16.091,2020-08-23T13:18:16.091,42.5,0,30015,8.62
2020-08-23T06:18:46.073,2020-08-23T13:18:46.073,42.2,0,30048,8.62
2020-08-23T06:19:16.076,2020-08-23T13:19:16.076,42.5,0,30042,8.62
2020-08-23T06:19:46.089,2020-08-23T13:19:46.089,42.5,0,30058,8.62
2020-08-23T06:20:16.075,2020-08-23T13:20:16.075,42.5,0,30107,8.62
2020-08-23T06:20:46.074,2020-08-23T13:20:46.074,42.5,0,30222,8.61
2020-08-23T06:21:16.080,2020-08-23T13:21:16.080,42.5,0,30378,8.61
2020-08-23T06:21:46.079,2020-08-23T13:21:46.079,42.5,0,30704,8.60
2020-08-23T06:22:16.084,2020-08-23T13:22:16.084,42.5,0,30724,8.59
2020-08-23T06:22:46.077,2020-08-23T13:22:46.077,42.5,0,30776,8.59
2020-08-23T06:23:16.076,2020-08-23T13:23:16.076,42.5,0,30749,8.59
2020-08-23T06:23:46.076,2020-08-23T13:23:46.076,42.5,0,30690,8.60
2020-08-23T06:24:16.084,2020-08-23T13:24:16.084,42.5,0,30288,8.61
2020-08-23T06:24:46.081,2020-08-23T13:24:46.081,42.5,0,27618,8.71
2020-08-23T06:25:16.075,2020-08-23T13:25:16.075,42.5,0,29874,8.63
2020-08-23T06:25:46.079,2020-08-23T13:25:46.079,42.5,0,26747,8.75
2020-08-23T06:26:16.083,2020-08-23T13:26:16.083,42.8,0,29347,8.64
2020-08-23T06:26:46.085,2020-08-23T13:26:46.085,42.8,0,29783,8.63
2020-08-23T06:27:16.078,2020-08-23T13:27:16.078,42.8,0,30043,8.62
2020-08-23T06:27:46.083,2020-08-23T13:27:46.083,42.8,0,30078,8.62
2020-08-23T06:28:16.082,2020-08-23T13:28:16.082,42.8,0,30148,8.62
2020-08-23T06:28:46.092,2020-08-23T13:28:46.092,42.8,0,30165,8.62
2020-08-23T06:29:16.081,2020-08-23T13:29:16.081,42.8,0,27622,8.71
2020-08-23T06:29:46.075,2020-08-23T13:29:46.075,42.8,0,30184,8.62
2020-08-23T06:30:16.080,2020-08-23T13:30:16.080,42.8,0,28959,8.66
2020-08-23T06:30:46.076,2020-08-23T13:30:46.076,43.1,0,30129,8.62
2020-08-23T06:31:16.074,2020-08-23T13:31:16.074,43.1,0,29643,8.63
2020-08-23T06:31:46.079,2020-08-23T13:31:46.079,43.1,0,29466,8.64
2020-08-23T06:32:16.079,2020-08-23T13:32:16.079,43.1,0,29404,8.64
2020-08-23T06:32:46.081,2020-08-23T13:32:46.081,43.1,0,29525,8.64
2020-08-23T06:33:16.074,2020-08-23T13:33:16.074,43.1,0,29393,8.64
2020-08-23T06:33:46.105,2020-08-23T13:33:46.105,43.1,0,29390,8.64
2020-08-23T06:34:16.075,2020-08-23T13:34:16.075,43.1,0,29285,8.65
2020-08-23T06:34:46.077,2020-08-23T13:34:46.077,43.1,0,29260,8.65
2020-08-23T06:35:16.090,2020-08-23T13:35:16.090,42.8,0,29244,8.65
2020-08-23T06:35:46.079,2020-08-23T13:35:46.079,42.8,0,29324,8.64
2020-08-23T06:36:16.075,2020-08-23T13:36:16.075,43.1,0,29300,8.65
2020-08-23T06:36:46.076,2020-08-23T13:36:46.076,43.1,0,29213,8.65
2020-08-23T06:37:16.079,2020-08-23T13:37:16.079,43.1,0,28912,8.66
2020-08-23T06:37:46.081,2020-08-23T13:37:46.081,43.1,0,28656,8.67
2020-08-23T06:38:16.083,2020-08-23T13:38:16.083,43.1,0,28094,8.69
2020-08-23T06:38:46.084,2020-08-23T13:38:46.084,43.1,0,28197,8.69
2020-08-23T06:39:16.076,2020-08-23T13:39:16.076,43.1,0,28216,8.69
2020-08-23T06:39:46.076,2020-08-23T13:39:46.076,43.1,0,28019,8.70
2020-08-23T06:40:16.092,2020-08-23T13:40:16.092,43.1,0,27930,8.70
2020-08-23T06:40:46.092,2020-08-23T13:40:46.092,43.1,0,28084,8.69
2020-08-23T06:41:16.075,2020-08-23T13:41:16.075,43.5,0,28129,8.69
2020-08-23T06:41:46.078,2020-08-23T13:41:46.078,43.5,0,28199,8.69
2020-08-23T06:42:16.081,2020-08-23T13:42:16.081,43.5,0,28190,8.69
2020-08-23T06:42:46.078,2020-08-23T13:42:46.078,43.5,0,28235,8.69
2020-08-23T06:43:16.073,2020-08-23T13:43:16.073,43.5,0,28073,8.69
2020-08-23T06:43:46.079,2020-08-23T13:43:46.079,43.5,0,28187,8.69
2020-08-23T06:44:16.091,2020-08-23T13:44:16.091,43.5,0,28120,8.69
2020-08-23T06:44:46.077,2020-08-23T13:44:46.077,43.5,0,27945,8.70
2020-08-23T06:45:16.073,2020-08-23T13:45:16.073,43.8,0,27824,8.71
2020-08-23T06:45:46.079,2020-08-23T13:45:46.079,43.5,0,27745,8.71
2020-08-23T06:46:16.093,2020-08-23T13:46:16.093,43.5,0,27650,8.71
2020-08-23T06:46:46.082,2020-08-23T13:46:46.082,43.5,0,27762,8.71
2020-08-23T06:47:16.076,2020-08-23T13:47:16.076,43.5,0,27851,8.71
2020-08-23T06:47:46.078,2020-08-23T13:47:46.078,43.5,0,27816,8.71
2020-08-23T06:48:16.090,2020-08-23T13:48:16.090,43.5,0,27816,8.71
2020-08-23T06:48:46.080,2020-08-23T13:48:46.080,43.5,0,27753,8.71
2020-08-23T06:49:16.083,2020-08-23T13:49:16.083,43.8,0,27414,8.72
2020-08-23T06:49:46.078,2020-08-23T13:49:46.078,43.8,0,27394,8.72
2020-08-23T06:50:16.075,2020-08-23T13:50:16.075,43.8,0,27209,8.73
2020-08-23T06:50:46.082,2020-08-23T13:50:46.082,43.8,0,27323,8.73
2020-08-23T06:51:16.078,2020-08-23T13:51:16.078,43.8,0,27441,8.72
2020-08-23T06:51:46.076,2020-08-23T13:51:46.076,43.8,0,27418,8.72
2020-08-23T06:52:16.082,2020-08-23T13:52:16.082,43.8,0,27351,8.73
2020-08-23T06:52:46.079,2020-08-23T13:52:46.079,43.8,0,27363,8.73
2020-08-23T06:53:16.075,2020-08-23T13:53:16.075,43.8,0,27317,8.73
2020-08-23T06:53:46.080,2020-08-23T13:53:46.080,44.1,0,27311,8.73
2020-08-23T06:54:16.072,2020-08-23T13:54:16.072,43.8,0,27280,8.73
2020-08-23T06:54:46.076,2020-08-23T13:54:46.076,44.1,0,27240,8.73
2020-08-23T06:55:16.077,2020-08-23T13:55:16.077,43.8,0,27205,8.73
2020-08-23T06:55:46.073,2020-08-23T13:55:46.073,44.1,0,27247,8.73
2020-08-23T06:56:16.074,2020-08-23T13:56:16.074,44.1,0,27315,8.73
2020-08-23T06:56:46.076,2020-08-23T13:56:46.076,44.1,0,27339,8.73
2020-08-23T06:57:16.077,2020-08-23T13:57:16.077,44.1,0,27315,8.73
2020-08-23T06:57:46.078,2020-08-23T13:57:46.078,43.8,0,27469,8.72
2020-08-23T06:58:16.078,2020-08-23T13:58:16.078,44.1,0,27590,8.71
2020-08-23T06:58:46.076,2020-08-23T13:58:46.076,43.8,0,27803,8.71
2020-08-23T06:59:16.078,2020-08-23T13:59:16.078,43.8,0,27801,8.71
2020-08-23T06:59:46.080,2020-08-23T13:59:46.080,43.8,0,27686,8.71
2020-08-23T07:00:16.095,2020-08-23T14:00:16.095,43.8,0,27489,8.72
2020-08-23T07:00:46.079,2020-08-23T14:00:46.079,43.8,0,27340,8.73
2020-08-23T07:01:16.076,2020-08-23T14:01:16.076,43.8,0,27208,8.73
2020-08-23T07:01:46.076,2020-08-23T14:01:46.076,43.8,0,27150,8.73
2020-08-23T07:02:16.079,2020-08-23T14:02:16.079,43.8,0,27201,8.73
2020-08-23T07:02:46.077,2020-08-23T14:02:46.077,43.8,0,27236,8.73
2020-08-23T07:03:16.076,2020-08-23T14:03:16.076,43.8,0,27264,8.73
2020-08-23T07:03:46.073,2020-08-23T14:03:46.073,43.8,0,27192,8.73
2020-08-23T07:04:16.103,2020-08-23T14:04:16.103,43.8,0,27221,8.73
2020-08-23T07:04:46.082,2020-08-23T14:04:46.082,43.8,0,27236,8.73
2020-08-23T07:05:16.077,2020-08-23T14:05:16.077,43.8,0,27161,8.73
2020-08-23T07:05:46.073,2020-08-23T14:05:46.073,44.1,0,27411,8.72
2020-08-23T07:06:16.080,2020-08-23T14:06:16.080,44.1,0,27364,8.73
2020-08-23T07:06:46.074,2020-08-23T14:06:46.074,44.1,0,27548,8.71
2020-08-23T07:07:16.078,2020-08-23T14:07:16.078,44.1,0,27907,8.70
2020-08-23T07:07:46.078,2020-08-23T14:07:46.078,44.1,0,27822,8.71
2020-08-23T07:08:16.073,2020-08-23T14:08:16.073,44.1,0,27896,8.71
2020-08-23T07:08:46.082,2020-08-23T14:08:46.082,44.1,0,27827,8.71
2020-08-23T07:09:16.082,2020-08-23T14:09:16.082,44.1,0,28164,8.69
2020-08-23T07:09:46.077,2020-08-23T14:09:46.077,44.1,0,28440,8.68
2020-08-23T07:10:16.074,2020-08-23T14:10:16.074,44.1,0,28614,8.67
2020-08-23T07:10:46.077,2020-08-23T14:10:46.077,44.1,0,28886,8.66
2020-08-23T07:11:16.079,2020-08-23T14:11:16.079,44.4,0,23608,8.88
2020-08-23T07:11:46.078,2020-08-23T14:11:46.078,44.4,0,26731,8.75
2020-08-23T07:12:16.074,2020-08-23T14:12:16.074,44.4,0,29273,8.65
2020-08-23T07:12:46.074,2020-08-23T14:12:46.074,44.4,0,29456,8.64
2020-08-23T07:13:16.082,2020-08-23T14:13:16.082,44.4,0,24712,8.83
2020-08-23T07:13:46.077,2020-08-23T14:13:46.077,44.4,0,29231,8.65
2020-08-23T07:14:16.090,2020-08-23T14:14:16.090,44.4,0,28684,8.67
2020-08-23T07:14:46.081,2020-08-23T14:14:46.081,44.8,0,29143,8.66
2020-08-23T07:15:16.082,2020-08-23T14:15:16.082,44.8,0,28939,8.66
2020-08-23T07:15:46.081,2020-08-23T14:15:46.081,44.8,0,28817,8.66
2020-08-23T07:16:16.074,2020-08-23T14:16:16.074,44.8,0,28786,8.67
2020-08-23T07:16:46.075,2020-08-23T14:16:46.075,44.8,0,28733,8.67
2020-08-23T07:17:16.074,2020-08-23T14:17:16.074,45.1,0,28616,8.67
2020-08-23T07:17:46.077,2020-08-23T14:17:46.077,45.1,0,28743,8.67
2020-08-23T07:18:16.081,2020-08-23T14:18:16.081,45.4,0,28802,8.66
2020-08-23T07:18:46.091,2020-08-23T14:18:46.091,45.4,0,28942,8.66
2020-08-23T07:19:16.079,2020-08-23T14:19:16.079,45.4,0,28794,8.67
2020-08-23T07:19:46.080,2020-08-23T14:19:46.080,45.7,0,29448,8.64
2020-08-23T07:20:16.084,2020-08-23T14:20:16.084,45.7,0,29703,8.63
2020-08-23T07:20:46.074,2020-08-23T14:20:46.074,46.0,0,29673,8.63
2020-08-23T07:21:16.079,2020-08-23T14:21:16.079,46.0,0,29962,8.62
2020-08-23T07:21:46.079,2020-08-23T14:21:46.079,46.0,0,29759,8.63
2020-08-23T07:22:16.079,2020-08-23T14:22:16.079,46.0,0,30373,8.61
2020-08-23T07:22:46.083,2020-08-23T14:22:46.083,46.4,0,27490,8.72
2020-08-23T07:23:16.075,2020-08-23T14:23:16.075,46.4,0,30788,8.59
2020-08-23T07:23:46.081,2020-08-23T14:23:46.081,46.7,0,25917,8.78
2020-08-23T07:24:16.075,2020-08-23T14:24:16.075,46.7,0,30985,8.58
2020-08-23T07:24:46.109,2020-08-23T14:24:46.109,46.7,0,23742,8.88
2020-08-23T07:25:16.074,2020-08-23T14:25:16.074,46.7,0,24168,8.86
2020-08-23T07:25:46.078,2020-08-23T14:25:46.078,47.0,0,14196,9.44
2020-08-23T07:26:16.077,2020-08-23T14:26:16.077,47.0,0,20469,9.04
2020-08-23T07:26:46.074,2020-08-23T14:26:46.074,47.0,0,21532,8.98
2020-08-23T07:27:16.077,2020-08-23T14:27:16.077,47.0,0,23107,8.91
2020-08-23T07:27:46.085,2020-08-23T14:27:46.085,47.0,0,18361,9.16
2020-08-23T07:28:16.078,2020-08-23T14:28:16.078,47.0,0,22463,8.94
2020-08-23T07:28:46.078,2020-08-23T14:28:46.078,47.3,0,21353,9.00
2020-08-23T07:29:16.078,2020-08-23T14:29:16.078,47.3,0,30857,8.59
2020-08-23T07:29:46.079,2020-08-23T14:29:46.079,47.3,0,14755,9.39
2020-08-23T07:30:16.078,2020-08-23T14:30:16.078,47.3,0,25206,8.81
2020-08-23T07:30:46.090,2020-08-23T14:30:46.090,47.3,0,31084,8.58
2020-08-23T07:31:16.084,2020-08-23T14:31:16.084,47.3,0,30307,8.61
2020-08-23T07:31:46.076,2020-08-23T14:31:46.076,47.7,0,29179,8.66
2020-08-23T07:32:16.083,2020-08-23T14:32:16.083,47.3,0,30163,8.62
2020-08-23T07:32:46.077,2020-08-23T14:32:46.077,47.7,0,25177,8.81
2020-08-23T07:33:16.081,2020-08-23T14:33:16.081,47.7,0,29799,8.63
2020-08-23T07:33:46.082,2020-08-23T14:33:46.082,47.7,0,20978,9.02
2020-08-23T07:34:16.086,2020-08-23T14:34:16.086,47.7,0,30928,8.59
2020-08-23T07:34:46.078,2020-08-23T14:34:46.078,48.0,0,31460,8.57
2020-08-23T07:35:16.078,2020-08-23T14:35:16.078,47.7,0,16268,9.28
2020-08-23T07:35:46.082,2020-08-23T14:35:46.082,48.0,0,24542,8.84
2020-08-23T07:36:16.078,2020-08-23T14:36:16.078,48.0,0,18663,9.14
2020-08-23T07:36:46.079,2020-08-23T14:36:46.079,48.0,0,16674,9.26
2020-08-23T07:37:16.085,2020-08-23T14:37:16.085,48.0,0,13511,9.49
2020-08-23T07:37:46.082,2020-08-23T14:37:46.082,48.0,0,14976,9.37
2020-08-23T07:38:16.091,2020-08-23T14:38:16.091,48.0,0,13964,9.45
2020-08-23T07:38:46.080,2020-08-23T14:38:46.080,48.0,0,27812,8.71
2020-08-23T07:39:16.082,2020-08-23T14:39:16.082,48.0,0,15757,9.32
2020-08-23T07:39:46.076,2020-08-23T14:39:46.076,48.0,0,17225,9.23
2020-08-23T07:40:16.091,2020-08-23T14:40:16.091,48.0,0,12865,9.54
2020-08-23T07:40:46.080,2020-08-23T14:40:46.080,47.7,0,12063,9.61
2020-08-23T07:41:16.080,2020-08-23T14:41:16.080,47.7,0,11065,9.71
2020-08-23T07:41:46.074,2020-08-23T14:41:46.074,47.7,0,10730,9.74
2020-08-23T07:42:16.079,2020-08-23T14:42:16.079,47.7,0,13299,9.51
2020-08-23T07:42:46.083,2020-08-23T14:42:46.083,47.7,0,12290,9.59
2020-08-23T07:43:16.076,2020-08-23T14:43:16.076,47.3,0,15771,9.32
2020-08-23T07:43:46.076,2020-08-23T14:43:46.076,47.3,0,28063,8.69
2020-08-23T07:44:16.076,2020-08-23T14:44:16.076,47.3,0,23588,8.88
2020-08-23T07:44:46.079,2020-08-23T14:44:46.079,47.0,0,14809,9.39
2020-08-23T07:45:16.077,2020-08-23T14:45:16.077,47.0,0,24364,8.85
2020-08-23T07:45:46.078,2020-08-23T14:45:46.078,47.0,0,25333,8.81
2020-08-23T07:46:16.078,2020-08-23T14:46:16.078,46.7,0,24661,8.83
2020-08-23T07:46:46.076,2020-08-23T14:46:46.076,46.7,0,25112,8.81
2020-08-23T07:47:16.081,2020-08-23T14:47:16.081,46.7,0,24999,8.82
2020-08-23T07:47:46.077,2020-08-23T14:47:46.077,46.4,0,24539,8.84
2020-08-23T07:48:16.082,2020-08-23T14:48:16.082,46.4,0,24100,8.86
2020-08-23T07:48:46.079,2020-08-23T14:48:46.079,46.4,0,23847,8.87
2020-08-23T07:49:16.079,2020-08-23T14:49:16.079,46.4,0,23383,8.89
2020-08-23T07:49:46.083,2020-08-23T14:49:46.083,46.0,0,23232,8.90
2020-08-23T07:50:16.089,2020-08-23T14:50:16.089,46.0,0,23129,8.91
2020-08-23T07:50:46.082,2020-08-23T14:50:46.082,46.0,0,22962,8.91
2020-08-23T07:51:16.078,2020-08-23T14:51:16.078,45.7,0,22694,8.92
2020-08-23T07:51:46.075,2020-08-23T14:51:46.075,45.7,0,22593,8.93
2020-08-23T07:52:16.091,2020-08-23T14:52:16.091,45.7,0,22551,8.93
2020-08-23T07:52:46.075,2020-08-23T14:52:46.075,45.7,0,22566,8.93
2020-08-23T07:53:16.079,2020-08-23T14:53:16.079,45.7,0,22369,8.94
2020-08-23T07:53:46.075,2020-08-23T14:53:46.075,45.7,0,21886,8.97
2020-08-23T07:54:16.076,2020-08-23T14:54:16.076,45.7,0,22060,8.95
2020-08-23T07:54:46.079,2020-08-23T14:54:46.079,45.7,0,21930,8.96
2020-08-23T07:55:16.105,2020-08-23T14:55:16.105,45.7,0,21772,8.97
2020-08-23T07:55:46.075,2020-08-23T14:55:46.075,45.7,0,21633,8.98
2020-08-23T07:56:16.074,2020-08-23T14:56:16.074,45.7,0,21555,8.98
2020-08-23T07:56:46.084,2020-08-23T14:56:46.084,45.7,0,21415,8.99
2020-08-23T07:57:16.077,2020-08-23T14:57:16.077,45.7,0,21180,9.00
2020-08-23T07:57:46.077,2020-08-23T14:57:46.077,45.7,0,21160,9.00
2020-08-23T07:58:16.074,2020-08-23T14:58:16.074,45.7,0,21173,9.00
2020-08-23T07:58:46.092,2020-08-23T14:58:46.092,45.7,0,21092,9.01
2020-08-23T07:59:16.080,2020-08-23T14:59:16.080,45.7,0,21130,9.00
2020-08-23T07:59:46.076,2020-08-23T14:59:46.076,45.7,0,21171,9.00
2020-08-23T08:00:16.077,2020-08-23T15:00:16.077,46.0,0,21308,9.00
2020-08-23T08:00:46.076,2020-08-23T15:00:46.076,46.0,0,21249,9.00
2020-08-23T08:01:16.074,2020-08-23T15:01:16.074,46.0,0,21167,9.00
2020-08-23T08:01:46.081,2020-08-23T15:01:46.081,46.0,0,20879,9.02
2020-08-23T08:02:16.080,2020-08-23T15:02:16.080,46.0,0,20923,9.02
2020-08-23T08:02:46.079,2020-08-23T15:02:46.079,46.0,0,21017,9.01
2020-08-23T08:03:16.075,2020-08-23T15:03:16.075,46.0,0,21000,9.01
2020-08-23T08:03:46.085,2020-08-23T15:03:46.085,46.0,0,20575,9.03
2020-08-23T08:04:16.078,2020-08-23T15:04:16.078,46.0,0,20592,9.03
2020-08-23T08:04:46.076,2020-08-23T15:04:46.076,46.0,0,10933,9.72
2020-08-23T08:05:16.094,2020-08-23T15:05:16.094,46.0,0,6346,10.31
2020-08-23T08:05:46.075,2020-08-23T15:05:46.075,46.0,0,10359,9.78
2020-08-23T08:06:16.074,2020-08-23T15:06:16.074,46.0,0,20036,9.06
2020-08-23T08:06:46.081,2020-08-23T15:06:46.081,46.0,0,20284,9.05
2020-08-23T08:07:16.081,2020-08-23T15:07:16.081,46.0,0,20098,9.06
2020-08-23T08:07:46.090,2020-08-23T15:07:46.090,45.7,0,19920,9.07
2020-08-23T08:08:16.075,2020-08-23T15:08:16.075,45.7,0,19669,9.08
2020-08-23T08:08:46.082,2020-08-23T15:08:46.082,45.7,0,19462,9.09
2020-08-23T08:09:16.075,2020-08-23T15:09:16.075,45.7,0,19462,9.09
2020-08-23T08:09:46.081,2020-08-23T15:09:46.081,45.4,0,19119,9.11
2020-08-23T08:10:16.075,2020-08-23T15:10:16.075,45.4,0,19136,9.11
2020-08-23T08:10:46.074,2020-08-23T15:10:46.074,45.4,0,19061,9.12
2020-08-23T08:11:16.084,2020-08-23T15:11:16.084,45.4,0,19263,9.10
2020-08-23T08:11:46.093,2020-08-23T15:11:46.093,45.4,0,14910,9.38
2020-08-23T08:12:16.079,2020-08-23T15:12:16.079,45.4,0,19011,9.12
2020-08-23T08:12:46.086,2020-08-23T15:12:46.086,45.1,0,19145,9.11
2020-08-23T08:13:16.074,2020-08-23T15:13:16.074,45.1,0,19095,9.11
2020-08-23T08:13:46.075,2020-08-23T15:13:46.075,45.1,0,19414,9.10
2020-08-23T08:14:16.083,2020-08-23T15:14:16.083,45.1,0,19927,9.07
2020-08-23T08:14:46.096,2020-08-23T15:14:46.096,44.8,0,20481,9.03
2020-08-23T08:15:16.086,2020-08-23T15:15:16.086,44.8,0,16823,9.25
2020-08-23T08:15:46.122,2020-08-23T15:15:46.122,44.4,0,13977,9.45
2020-08-23T08:16:16.082,2020-08-23T15:16:16.082,44.4,0,18495,9.15
2020-08-23T08:16:46.084,2020-08-23T15:16:46.084,44.4,0,11652,9.65
2020-08-23T08:17:16.079,2020-08-23T15:17:16.079,44.1,0,21528,8.98
2020-08-23T08:17:46.082,2020-08-23T15:17:46.082,44.1,0,18952,9.12
2020-08-23T08:18:16.078,2020-08-23T15:18:16.078,43.8,0,19534,9.09
2020-08-23T08:18:46.079,2020-08-23T15:18:46.079,43.8,0,18763,9.13
2020-08-23T08:19:16.080,2020-08-23T15:19:16.080,43.5,0,18630,9.14
2020-08-23T08:19:46.077,2020-08-23T15:19:46.077,43.5,0,18515,9.15
2020-08-23T08:20:16.075,2020-08-23T15:20:16.075,43.1,0,10616,9.75
2020-08-23T08:20:46.075,2020-08-23T15:20:46.075,43.1,0,18354,9.16
2020-08-23T08:21:16.095,2020-08-23T15:21:16.095,43.1,0,17914,9.19
2020-08-23T08:21:46.082,2020-08-23T15:21:46.082,42.8,0,17847,9.19
2020-08-23T08:22:16.086,2020-08-23T15:22:16.086,42.8,0,17710,9.20
2020-08-23T08:22:46.073,2020-08-23T15:22:46.073,42.8,0,17595,9.20
2020-08-23T08:23:16.078,2020-08-23T15:23:16.078,42.8,0,16847,9.25
2020-08-23T08:23:46.078,2020-08-23T15:23:46.078,42.8,0,16042,9.30
2020-08-23T08:24:16.077,2020-08-23T15:24:16.077,42.5,0,18007,9.18
2020-08-23T08:24:46.078,2020-08-23T15:24:46.078,42.8,0,11390,9.68
2020-08-23T08:25:16.077,2020-08-23T15:25:16.077,42.5,0,6010,10.37
2020-08-23T08:25:46.094,2020-08-23T15:25:46.094,42.5,0,5204,10.53
2020-08-23T08:26:16.081,2020-08-23T15:26:16.081,42.5,0,17850,9.19
2020-08-23T08:26:46.079,2020-08-23T15:26:46.079,42.5,0,16667,9.26
2020-08-23T08:27:16.081,2020-08-23T15:27:16.081,42.5,0,7183,10.17
2020-08-23T08:27:46.094,2020-08-23T15:27:46.094,42.5,0,5926,10.38
2020-08-23T08:28:16.076,2020-08-23T15:28:16.076,42.2,0,5799,10.40
2020-08-23T08:28:46.092,2020-08-23T15:28:46.092,42.2,0,5693,10.43
2020-08-23T08:29:16.076,2020-08-23T15:29:16.076,42.2,0,4948,10.58
2020-08-23T08:29:46.073,2020-08-23T15:29:46.073,42.2,0,4676,10.64
2020-08-23T08:30:16.093,2020-08-23T15:30:16.093,41.9,0,4906,10.59
2020-08-23T08:30:46.083,2020-08-23T15:30:46.083,41.9,0,5684,10.43
2020-08-23T08:31:16.077,2020-08-23T15:31:16.077,41.9,0,6169,10.34
2020-08-23T08:31:46.077,2020-08-23T15:31:46.077,41.5,0,6629,10.26
2020-08-23T08:32:16.090,2020-08-23T15:32:16.090,41.5,0,6954,10.21
2020-08-23T08:32:46.074,2020-08-23T15:32:46.074,41.5,0,6823,10.23
2020-08-23T08:33:16.086,2020-08-23T15:33:16.086,41.5,0,16127,9.30
2020-08-23T08:33:46.090,2020-08-23T15:33:46.090,41.2,0,6315,10.31
2020-08-23T08:34:16.076,2020-08-23T15:34:16.076,41.2,0,6351,10.31
2020-08-23T08:34:46.080,2020-08-23T15:34:46.080,40.9,0,6677,10.25
2020-08-23T08:35:16.083,2020-08-23T15:35:16.083,40.9,0,7136,10.18
2020-08-23T08:35:46.075,2020-08-23T15:35:46.075,40.9,0,8118,10.04
2020-08-23T08:36:16.113,2020-08-23T15:36:16.113,40.6,0,8951,9.94
2020-08-23T08:36:46.092,2020-08-23T15:36:46.092,40.6,0,9170,9.91
2020-08-23T08:37:16.087,2020-08-23T15:37:16.087,40.6,0,9597,9.87
2020-08-23T08:37:46.076,2020-08-23T15:37:46.076,40.2,0,15461,9.34
2020-08-23T08:38:16.078,2020-08-23T15:38:16.078,40.2,0,22148,8.95
2020-08-23T08:38:46.075,2020-08-23T15:38:46.075,39.9,0,15560,9.33
2020-08-23T08:39:16.077,2020-08-23T15:39:16.077,39.9,0,12145,9.60
2020-08-23T08:39:46.077,2020-08-23T15:39:46.077,39.9,0,11864,9.63
2020-08-23T08:40:16.083,2020-08-23T15:40:16.083,39.9,0,11738,9.64
2020-08-23T08:40:46.082,2020-08-23T15:40:46.082,39.6,0,20909,9.02
2020-08-23T08:41:16.082,2020-08-23T15:41:16.082,39.6,0,9794,9.84
2020-08-23T08:41:46.090,2020-08-23T15:41:46.090,39.6,0,13671,9.48
2020-08-23T08:42:16.081,2020-08-23T15:42:16.081,39.9,0,10291,9.79
2020-08-23T08:42:46.076,2020-08-23T15:42:46.076,39.6,0,12676,9.55
2020-08-23T08:43:16.076,2020-08-23T15:43:16.076,39.9,0,17393,9.22
2020-08-23T08:43:46.082,2020-08-23T15:43:46.082,39.9,0,16067,9.30
2020-08-23T08:44:16.075,2020-08-23T15:44:16.075,39.9,0,15346,9.35
2020-08-23T08:44:46.076,2020-08-23T15:44:46.076,39.6,0,14944,9.38
2020-08-23T08:45:16.075,2020-08-23T15:45:16.075,39.9,0,14740,9.39
2020-08-23T08:45:46.081,2020-08-23T15:45:46.081,39.9,0,14650,9.40
2020-08-23T08:46:16.075,2020-08-23T15:46:16.075,39.9,0,14631,9.40
2020-08-23T08:46:46.075,2020-08-23T15:46:46.075,39.9,0,14633,9.40
2020-08-23T08:47:16.075,2020-08-23T15:47:16.075,39.9,0,14624,9.40
2020-08-23T08:47:46.083,2020-08-23T15:47:46.083,40.2,0,14723,9.39
2020-08-23T08:48:16.077,2020-08-23T15:48:16.077,40.2,0,14721,9.39
2020-08-23T08:48:46.077,2020-08-23T15:48:46.077,40.2,0,14642,9.40
2020-08-23T08:49:16.076,2020-08-23T15:49:16.076,40.2,0,14466,9.41
2020-08-23T08:49:46.080,2020-08-23T15:49:46.080,40.2,0,14336,9.42
2020-08-23T08:50:16.079,2020-08-23T15:50:16.079,40.2,0,14132,9.44
2020-08-23T08:50:46.081,2020-08-23T15:50:46.081,40.2,0,13969,9.45
2020-08-23T08:51:16.081,2020-08-23T15:51:16.081,40.2,0,13859,9.46
2020-08-23T08:51:46.093,2020-08-23T15:51:46.093,40.2,0,13738,9.47
2020-08-23T08:52:16.076,2020-08-23T15:52:16.076,40.2,0,13763,9.47
2020-08-23T08:52:46.074,2020-08-23T15:52:46.074,40.2,0,13737,9.47
2020-08-23T08:53:16.079,2020-08-23T15:53:16.079,40.2,0,13685,9.48
2020-08-23T08:53:46.075,2020-08-23T15:53:46.075,40.2,0,13665,9.48
2020-08-23T08:54:16.076,2020-08-23T15:54:16.076,40.6,0,13633,9.48
2020-08-23T08:54:46.076,2020-08-23T15:54:46.076,40.2,0,13551,9.49
2020-08-23T08:55:16.083,2020-08-23T15:55:16.083,40.6,0,13335,9.50
2020-08-23T08:55:46.077,2020-08-23T15:55:46.077,40.6,0,13517,9.49
2020-08-23T08:56:16.076,2020-08-23T15:56:16.076,40.6,0,13415,9.50
2020-08-23T08:56:46.081,2020-08-23T15:56:46.081,40.6,0,13539,9.49
2020-08-23T08:57:16.080,2020-08-23T15:57:16.080,40.6,0,7387,10.15
2020-08-23T08:57:46.081,2020-08-23T15:57:46.081,40.6,0,6646,10.26
2020-08-23T08:58:16.091,2020-08-23T15:58:16.091,40.6,0,4692,10.64
2020-08-23T08:58:46.084,2020-08-23T15:58:46.084,40.6,0,6089,10.35
2020-08-23T08:59:16.080,2020-08-23T15:59:16.080,40.6,0,13327,9.50
2020-08-23T08:59:46.081,2020-08-23T15:59:46.081,40.6,0,12689,9.55
2020-08-23T09:00:16.076,2020-08-23T16:00:16.076,40.6,0,13352,9.50
2020-08-23T09:00:46.075,2020-08-23T16:00:46.075,40.6,0,13128,9.52
2020-08-23T09:01:16.078,2020-08-23T16:01:16.078,40.9,0,12901,9.54
2020-08-23T09:01:46.076,2020-08-23T16:01:46.076,40.9,0,12655,9.56
2020-08-23T09:02:16.084,2020-08-23T16:02:16.084,40.9,0,12573,9.57
2020-08-23T09:02:46.091,2020-08-23T16:02:46.091,40.9,0,12555,9.57
2020-08-23T09:03:16.081,2020-08-23T16:03:16.081,40.9,0,12552,9.57
2020-08-23T09:03:46.074,2020-08-23T16:03:46.074,40.9,0,12561,9.57
2020-08-23T09:04:16.078,2020-08-23T16:04:16.078,41.2,0,12386,9.58
2020-08-23T09:04:46.080,2020-08-23T16:04:46.080,41.2,0,12291,9.59
2020-08-23T09:05:16.077,2020-08-23T16:05:16.077,41.2,0,12263,9.59
2020-08-23T09:05:46.077,2020-08-23T16:05:46.077,41.2,0,12312,9.59
2020-08-23T09:06:16.093,2020-08-23T16:06:16.093,41.2,0,12364,9.58
2020-08-23T09:06:46.104,2020-08-23T16:06:46.104,41.2,0,12251,9.59
2020-08-23T09:07:16.076,2020-08-23T16:07:16.076,41.2,0,12100,9.60
2020-08-23T09:07:46.077,2020-08-23T16:07:46.077,41.2,0,5926,10.38
2020-08-23T09:08:16.078,2020-08-23T16:08:16.078,41.2,0,12084,9.61
2020-08-23T09:08:46.080,2020-08-23T16:08:46.080,41.2,0,10628,9.75
2020-08-23T09:09:16.078,2020-08-23T16:09:16.078,41.2,0,10720,9.74
2020-08-23T09:09:46.073,2020-08-23T16:09:46.073,41.2,0,11962,9.62
2020-08-23T09:10:16.080,2020-08-23T16:10:16.080,41.2,0,11706,9.65
2020-08-23T09:10:46.076,2020-08-23T16:10:46.076,41.2,0,11634,9.65
2020-08-23T09:11:16.079,2020-08-23T16:11:16.079,41.2,0,11531,9.66
2020-08-23T09:11:46.075,2020-08-23T16:11:46.075,41.2,0,11467,9.66
2020-08-23T09:12:16.091,2020-08-23T16:12:16.091,41.2,0,11391,9.68
2020-08-23T09:12:46.081,2020-08-23T16:12:46.081,41.2,0,11382,9.68
2020-08-23T09:13:16.077,2020-08-23T16:13:16.077,41.2,0,11349,9.68
2020-08-23T09:13:46.076,2020-08-23T16:13:46.076,41.2,0,11241,9.69
2020-08-23T09:14:16.080,2020-08-23T16:14:16.080,41.2,0,11163,9.70
2020-08-23T09:14:46.076,2020-08-23T16:14:46.076,41.2,0,11085,9.70
2020-08-23T09:15:16.079,2020-08-23T16:15:16.079,41.2,0,11038,9.71
2020-08-23T09:15:46.078,2020-08-23T16:15:46.078,41.2,0,11004,9.72
2020-08-23T09:16:16.078,2020-08-23T16:16:16.078,40.9,0,10948,9.72
2020-08-23T09:16:46.077,2020-08-23T16:16:46.077,40.9,0,10881,9.72
2020-08-23T09:17:16.076,2020-08-23T16:17:16.076,41.2,0,10803,9.73
2020-08-23T09:17:46.077,2020-08-23T16:17:46.077,41.2,0,10734,9.74
2020-08-23T09:18:16.077,2020-08-23T16:18:16.077,41.2,0,10709,9.74
2020-08-23T09:18:46.076,2020-08-23T16:18:46.076,41.2,0,10646,9.75
2020-08-23T09:19:16.078,2020-08-23T16:19:16.078,41.2,0,10584,9.75
2020-08-23T09:19:46.074,2020-08-23T16:19:46.074,41.2,0,10531,9.76
2020-08-23T09:20:16.076,2020-08-23T16:20:16.076,41.2,0,10432,9.77
2020-08-23T09:20:46.075,2020-08-23T16:20:46.075,41.2,0,10357,9.78
2020-08-23T09:21:16.086,2020-08-23T16:21:16.086,41.5,0,10284,9.79
2020-08-23T09:21:46.078,2020-08-23T16:21:46.078,41.5,0,10246,9.79
2020-08-23T09:22:16.081,2020-08-23T16:22:16.081,41.5,0,9611,9.86
2020-08-23T09:22:46.081,2020-08-23T16:22:46.081,41.5,0,3862,10.85
2020-08-23T09:23:16.078,2020-08-23T16:23:16.078,41.9,0,8285,10.02
2020-08-23T09:23:46.078,2020-08-23T16:23:46.078,41.9,0,6421,10.30
2020-08-23T09:24:16.085,2020-08-23T16:24:16.085,41.9,0,10113,9.80
2020-08-23T09:24:46.093,2020-08-23T16:24:46.093,41.9,0,8403,10.00
2020-08-23T09:25:16.083,2020-08-23T16:25:16.083,41.9,0,4245,10.75
2020-08-23T09:25:46.076,2020-08-23T16:25:46.076,41.9,0,10163,9.80
2020-08-23T09:26:16.082,2020-08-23T16:26:16.082,41.9,0,9880,9.83
2020-08-23T09:26:46.074,2020-08-23T16:26:46.074,41.9,0,6136,10.35
2020-08-23T09:27:16.124,2020-08-23T16:27:16.124,42.2,0,7598,10.11
2020-08-23T09:27:46.081,2020-08-23T16:27:46.081,41.9,0,5146,10.54
2020-08-23T09:28:16.077,2020-08-23T16:28:16.077,41.9,0,9729,9.84
2020-08-23T09:28:46.093,2020-08-23T16:28:46.093,41.9,0,9713,9.85
2020-08-23T09:29:16.076,2020-08-23T16:29:16.076,41.9,0,3288,11.02
2020-08-23T09:29:46.081,2020-08-23T16:29:46.081,41.9,0,9613,9.86
2020-08-23T09:30:16.077,2020-08-23T16:30:16.077,41.9,0,9427,9.88
2020-08-23T09:30:46.077,2020-08-23T16:30:46.077,41.9,0,9390,9.89
2020-08-23T09:31:16.078,2020-08-23T16:31:16.078,41.5,0,9283,9.90
2020-08-23T09:31:46.076,2020-08-23T16:31:46.076,41.5,0,9261,9.90
2020-08-23T09:32:16.080,2020-08-23T16:32:16.080,41.5,0,8801,9.96
2020-08-23T09:32:46.078,2020-08-23T16:32:46.078,41.5,0,8781,9.96
2020-08-23T09:33:16.080,2020-08-23T16:33:16.080,41.5,0,8689,9.97
2020-08-23T09:33:46.081,2020-08-23T16:33:46.081,41.5,0,8898,9.94
2020-08-23T09:34:16.079,2020-08-23T16:34:16.079,41.5,0,8778,9.96
2020-08-23T09:34:46.091,2020-08-23T16:34:46.091,41.5,0,8814,9.96
2020-08-23T09:35:16.075,2020-08-23T16:35:16.075,41.5,0,8783,9.96
2020-08-23T09:35:46.083,2020-08-23T16:35:46.083,41.5,0,8902,9.94
2020-08-23T09:36:16.078,2020-08-23T16:36:16.078,41.5,0,8820,9.96
2020-08-23T09:36:46.077,2020-08-23T16:36:46.077,41.5,0,8659,9.97
2020-08-23T09:37:16.076,2020-08-23T16:37:16.076,41.5,0,8754,9.96
2020-08-23T09:37:46.078,2020-08-23T16:37:46.078,41.2,0,8518,9.99
2020-08-23T09:38:16.083,2020-08-23T16:38:16.083,41.2,0,8426,10.00
2020-08-23T09:38:46.078,2020-08-23T16:38:46.078,41.2,0,7779,10.09
2020-08-23T09:39:16.094,2020-08-23T16:39:16.094,41.2,0,8339,10.01
2020-08-23T09:39:46.081,2020-08-23T16:39:46.081,41.2,0,8298,10.02
2020-08-23T09:40:16.076,2020-08-23T16:40:16.076,41.2,0,8251,10.03
2020-08-23T09:40:46.075,2020-08-23T16:40:46.075,41.2,0,8101,10.04
2020-08-23T09:41:16.081,2020-08-23T16:41:16.081,41.2,0,7914,10.07
2020-08-23T09:41:46.079,2020-08-23T16:41:46.079,41.2,0,7765,10.09
2020-08-23T09:42:16.076,2020-08-23T16:42:16.076,41.2,0,7582,10.12
2020-08-23T09:42:46.077,2020-08-23T16:42:46.077,41.5,0,7412,10.14
2020-08-23T09:43:16.076,2020-08-23T16:43:16.076,41.5,0,7261,10.16
2020-08-23T09:43:46.078,2020-08-23T16:43:46.078,41.5,0,7131,10.18
2020-08-23T09:44:16.076,2020-08-23T16:44:16.076,41.5,0,7034,10.20
2020-08-23T09:44:46.075,2020-08-23T16:44:46.075,41.5,0,6914,10.21
2020-08-23T09:45:16.075,2020-08-23T16:45:16.075,41.5,0,6825,10.23
2020-08-23T09:45:46.084,2020-08-23T16:45:46.084,41.5,0,6773,10.24
2020-08-23T09:46:16.078,2020-08-23T16:46:16.078,41.5,0,6690,10.25
2020-08-23T09:46:46.078,2020-08-23T16:46:46.078,41.9,0,6576,10.27
2020-08-23T09:47:16.084,2020-08-23T16:47:16.084,41.5,0,6476,10.29
2020-08-23T09:47:46.075,2020-08-23T16:47:46.075,41.5,0,6473,10.29
2020-08-23T09:48:16.076,2020-08-23T16:48:16.076,41.5,0,6413,10.30
2020-08-23T09:48:46.081,2020-08-23T16:48:46.081,41.5,0,6443,10.29
2020-08-23T09:49:16.083,2020-08-23T16:49:16.083,41.5,0,6427,10.30
2020-08-23T09:49:46.075,2020-08-23T16:49:46.075,41.5,0,6446,10.29
2020-08-23T09:50:16.080,2020-08-23T16:50:16.080,41.5,0,6475,10.29
2020-08-23T09:50:46.090,2020-08-23T16:50:46.090,41.5,0,6523,10.28
2020-08-23T09:51:16.083,2020-08-23T16:51:16.083,41.5,0,6555,10.27
2020-08-23T09:51:46.078,2020-08-23T16:51:46.078,41.5,0,6589,10.27
2020-08-23T09:52:16.079,2020-08-23T16:52:16.079,41.5,0,6606,10.27
2020-08-23T09:52:46.078,2020-08-23T16:52:46.078,41.5,0,6585,10.27
2020-08-23T09:53:16.080,2020-08-23T16:53:16.080,41.5,0,6542,10.27
2020-08-23T09:53:46.079,2020-08-23T16:53:46.079,41.5,0,6554,10.27
2020-08-23T09:54:16.078,2020-08-23T16:54:16.078,41.5,0,6566,10.27
2020-08-23T09:54:46.077,2020-08-23T16:54:46.077,41.5,0,6305,10.31
2020-08-23T09:55:16.075,2020-08-23T16:55:16.075,41.5,0,5521,10.46
2020-08-23T09:55:46.074,2020-08-23T16:55:46.074,41.5,0,4498,10.69
2020-08-23T09:56:16.091,2020-08-23T16:56:16.091,41.5,0,3573,10.93
2020-08-23T09:56:46.084,2020-08-23T16:56:46.084,41.2,0,3080,11.09
2020-08-23T09:57:16.075,2020-08-23T16:57:16.075,41.2,0,3075,11.09
2020-08-23T09:57:46.109,2020-08-23T16:57:46.109,41.2,0,3074,11.09
2020-08-23T09:58:16.080,2020-08-23T16:58:16.080,41.2,0,3076,11.09
2020-08-23T09:58:46.077,2020-08-23T16:58:46.077,41.2,0,3091,11.09
2020-08-23T09:59:16.076,2020-08-23T16:59:16.076,41.2,0,3105,11.08
2020-08-23T09:59:46.078,2020-08-23T16:59:46.078,40.9,0,3117,11.08
2020-08-23T10:00:16.076,2020-08-23T17:00:16.076,40.9,0,3130,11.08
2020-08-23T10:00:46.083,2020-08-23T17:00:46.083,40.9,0,3143,11.07
2020-08-23T10:01:16.083,2020-08-23T17:01:16.083,40.9,0,3139,11.07
2020-08-23T10:01:46.073,2020-08-23T17:01:46.073,40.6,0,3141,11.07
2020-08-23T10:02:16.078,2020-08-23T17:02:16.078,40.6,0,3149,11.07
2020-08-23T10:02:46.079,2020-08-23T17:02:46.079,40.6,0,3166,11.07
2020-08-23T10:03:16.080,2020-08-23T17:03:16.080,40.6,0,3191,11.05
2020-08-23T10:03:46.073,2020-08-23T17:03:46.073,40.2,0,3209,11.05
2020-08-23T10:04:16.075,2020-08-23T17:04:16.075,40.2,0,3218,11.05
2020-08-23T10:04:46.077,2020-08-23T17:04:46.077,39.9,0,3222,11.05
2020-08-23T10:05:16.078,2020-08-23T17:05:16.078,39.9,0,3235,11.04
2020-08-23T10:05:46.079,2020-08-23T17:05:46.079,39.6,0,3245,11.04
2020-08-23T10:06:16.078,2020-08-23T17:06:16.078,39.6,0,3256,11.03
2020-08-23T10:06:46.076,2020-08-23T17:06:46.076,39.3,0,3261,11.03
2020-08-23T10:07:16.073,2020-08-23T17:07:16.073,39.3,0,3264,11.03
2020-08-23T10:07:46.078,2020-08-23T17:07:46.078,39.0,0,3281,11.02
2020-08-23T10:08:16.079,2020-08-23T17:08:16.079,39.0,0,3284,11.02
2020-08-23T10:08:46.081,2020-08-23T17:08:46.081,39.0,0,3280,11.02
2020-08-23T10:09:16.092,2020-08-23T17:09:16.092,38.6,0,3278,11.03
2020-08-23T10:09:46.080,2020-08-23T17:09:46.080,38.6,0,3250,11.03
2020-08-23T10:10:16.078,2020-08-23T17:10:16.078,38.6,0,3222,11.05
2020-08-23T10:10:46.075,2020-08-23T17:10:46.075,38.3,0,3212,11.05
2020-08-23T10:11:16.091,2020-08-23T17:11:16.091,38.3,0,3227,11.05
2020-08-23T10:11:46.077,2020-08-23T17:11:46.077,38.3,0,3251,11.03
2020-08-23T10:12:16.079,2020-08-23T17:12:16.079,38.0,0,3280,11.02
2020-08-23T10:12:46.077,2020-08-23T17:12:46.077,38.0,0,3370,11.00
2020-08-23T10:13:16.075,2020-08-23T17:13:16.075,38.0,0,3440,10.97
2020-08-23T10:13:46.076,2020-08-23T17:13:46.076,38.0,0,3524,10.95
2020-08-23T10:14:16.083,2020-08-23T17:14:16.083,37.7,0,3605,10.92
2020-08-23T10:14:46.074,2020-08-23T17:14:46.074,37.7,0,3668,10.90
2020-08-23T10:15:16.085,2020-08-23T17:15:16.085,37.7,0,3710,10.89
2020-08-23T10:15:46.080,2020-08-23T17:15:46.080,37.7,0,3713,10.89
2020-08-23T10:16:16.081,2020-08-23T17:16:16.081,37.7,0,3667,10.90
2020-08-23T10:16:46.078,2020-08-23T17:16:46.078,37.3,0,3623,10.92
2020-08-23T10:17:16.073,2020-08-23T17:17:16.073,37.3,0,3609,10.92
2020-08-23T10:17:46.075,2020-08-23T17:17:46.075,37.3,0,3427,10.98
2020-08-23T10:18:16.107,2020-08-23T17:18:16.107,37.3,0,3262,11.03
2020-08-23T10:18:46.075,2020-08-23T17:18:46.075,37.0,0,3204,11.05
2020-08-23T10:19:16.091,2020-08-23T17:19:16.091,37.0,0,3186,11.05
2020-08-23T10:19:46.074,2020-08-23T17:19:46.074,37.0,0,3139,11.07
2020-08-23T10:20:16.081,2020-08-23T17:20:16.081,37.0,0,3096,11.09
2020-08-23T10:20:46.077,2020-08-23T17:20:46.077,37.0,0,3119,11.08
2020-08-23T10:21:16.076,2020-08-23T17:21:16.076,37.0,0,3197,11.05
2020-08-23T10:21:46.076,2020-08-23T17:21:46.076,37.0,0,3304,11.02
2020-08-23T10:22:16.079,2020-08-23T17:22:16.079,37.0,0,3423,10.98
2020-08-23T10:22:46.077,2020-08-23T17:22:46.077,37.0,0,3531,10.95
2020-08-23T10:23:16.078,2020-08-23T17:23:16.078,36.7,0,3605,10.92
2020-08-23T10:23:46.074,2020-08-23T17:23:46.074,36.7,0,3639,10.91
2020-08-23T10:24:16.089,2020-08-23T17:24:16.089,36.7,0,3669,10.90
2020-08-23T10:24:46.076,2020-08-23T17:24:46.076,36.7,0,3690,10.90
2020-08-23T10:25:16.073,2020-08-23T17:25:16.073,36.7,0,3688,10.90
2020-08-23T10:25:46.083,2020-08-23T17:25:46.083,36.7,0,3664,10.90
2020-08-23T10:26:16.083,2020-08-23T17:26:16.083,36.7,0,3635,10.91
2020-08-23T10:26:46.076,2020-08-23T17:26:46.076,36.4,0,3591,10.92
2020-08-23T10:27:16.076,2020-08-23T17:27:16.076,36.4,0,3534,10.95
2020-08-23T10:27:46.079,2020-08-23T17:27:46.079,36.4,0,3458,10.97
2020-08-23T10:28:16.080,2020-08-23T17:28:16.080,36.4,0,3362,11.00
2020-08-23T10:28:46.083,2020-08-23T17:28:46.083,36.4,0,3267,11.03
2020-08-23T10:29:16.083,2020-08-23T17:29:16.083,36.4,0,3142,11.07
2020-08-23T10:29:46.083,2020-08-23T17:29:46.083,36.0,0,3017,11.12
2020-08-23T10:30:16.079,2020-08-23T17:30:16.079,36.0,0,2904,11.16
2020-08-23T10:30:46.090,2020-08-23T17:30:46.090,36.0,0,2796,11.20
2020-08-23T10:31:16.077,2020-08-23T17:31:16.077,36.0,0,2670,11.25
2020-08-23T10:31:46.082,2020-08-23T17:31:46.082,36.0,0,2522,11.32
2020-08-23T10:32:16.080,2020-08-23T17:32:16.080,35.7,0,2350,11.39
2020-08-23T10:32:46.076,2020-08-23T17:32:46.076,36.0,0,2186,11.47
2020-08-23T10:33:16.077,2020-08-23T17:33:16.077,35.7,0,2056,11.53
2020-08-23T10:33:46.078,2020-08-23T17:33:46.078,35.7,0,1962,11.58
2020-08-23T10:34:16.076,2020-08-23T17:34:16.076,35.7,0,1900,11.62
2020-08-23T10:34:46.089,2020-08-23T17:34:46.089,35.7,0,1858,11.64
2020-08-23T10:35:16.082,2020-08-23T17:35:16.082,35.7,0,1834,11.65
2020-08-23T10:35:46.078,2020-08-23T17:35:46.078,35.7,0,1816,11.67
2020-08-23T10:36:16.079,2020-08-23T17:36:16.079,35.7,0,1795,11.68
2020-08-23T10:36:46.077,2020-08-23T17:36:46.077,35.7,0,1765,11.70
2020-08-23T10:37:16.079,2020-08-23T17:37:16.079,35.7,0,1727,11.72
2020-08-23T10:37:46.092,2020-08-23T17:37:46.092,35.7,0,1676,11.76
2020-08-23T10:38:16.077,2020-08-23T17:38:16.077,35.4,0,1627,11.79
2020-08-23T10:38:46.077,2020-08-23T17:38:46.077,35.7,0,1573,11.82
2020-08-23T10:39:16.080,2020-08-23T17:39:16.080,35.4,0,1509,11.87
2020-08-23T10:39:46.077,2020-08-23T17:39:46.077,35.7,0,1435,11.92
2020-08-23T10:40:16.080,2020-08-23T17:40:16.080,35.4,0,1364,11.98
2020-08-23T10:40:46.077,2020-08-23T17:40:46.077,35.4,0,1300,12.03
2020-08-23T10:41:16.076,2020-08-23T17:41:16.076,35.4,0,1250,12.07
2020-08-23T10:41:46.079,2020-08-23T17:41:46.079,35.4,0,1207,12.12
2020-08-23T10:42:16.081,2020-08-23T17:42:16.081,35.4,0,1173,12.14
2020-08-23T10:42:46.076,2020-08-23T17:42:46.076,35.4,0,1142,12.18
2020-08-23T10:43:16.081,2020-08-23T17:43:16.081,35.4,0,1114,12.20
2020-08-23T10:43:46.083,2020-08-23T17:43:46.083,35.4,0,1083,12.23
2020-08-23T10:44:16.081,2020-08-23T17:44:16.081,35.4,0,1056,12.25
2020-08-23T10:44:46.076,2020-08-23T17:44:46.076,35.4,0,1029,12.29
2020-08-23T10:45:16.084,2020-08-23T17:45:16.084,35.4,0,1003,12.31
2020-08-23T10:45:46.076,2020-08-23T17:45:46.076,35.4,0,979,12.34
2020-08-23T10:46:16.078,2020-08-23T17:46:16.078,35.4,0,955,12.37
2020-08-23T10:46:46.075,2020-08-23T17:46:46.075,35.4,0,931,12.39
2020-08-23T10:47:16.080,2020-08-23T17:47:16.080,35.4,0,910,12.42
2020-08-23T10:47:46.080,2020-08-23T17:47:46.080,35.4,0,889,12.44
2020-08-23T10:48:16.083,2020-08-23T17:48:16.083,35.4,0,867,12.47
2020-08-23T10:48:46.108,2020-08-23T17:48:46.108,35.4,0,847,12.50
2020-08-23T10:49:16.077,2020-08-23T17:49:16.077,35.4,0,828,12.52
2020-08-23T10:49:46.077,2020-08-23T17:49:46.077,35.4,0,809,12.54
2020-08-23T10:50:16.076,2020-08-23T17:50:16.076,35.4,0,790,12.57
2020-08-23T10:50:46.075,2020-08-23T17:50:46.075,35.4,0,771,12.60
2020-08-23T10:51:16.091,2020-08-23T17:51:16.091,35.4,0,749,12.63
2020-08-23T10:51:46.075,2020-08-23T17:51:46.075,35.4,0,725,12.66
2020-08-23T10:52:16.077,2020-08-23T17:52:16.077,35.4,0,698,12.71
2020-08-23T10:52:46.074,2020-08-23T17:52:46.074,35.4,0,671,12.75
2020-08-23T10:53:16.081,2020-08-23T17:53:16.081,35.4,0,645,12.79
2020-08-23T10:53:46.075,2020-08-23T17:53:46.075,35.4,0,619,12.84
2020-08-23T10:54:16.081,2020-08-23T17:54:16.081,35.4,0,592,12.88
2020-08-23T10:54:46.080,2020-08-23T17:54:46.080,35.4,0,562,12.94
2020-08-23T10:55:16.082,2020-08-23T17:55:16.082,35.4,0,529,13.01
2020-08-23T10:55:46.080,2020-08-23T17:55:46.080,35.4,0,494,13.08
2020-08-23T10:56:16.083,2020-08-23T17:56:16.083,35.4,0,456,13.16
2020-08-23T10:56:46.079,2020-08-23T17:56:46.079,35.4,0,420,13.26
2020-08-23T10:57:16.082,2020-08-23T17:57:16.082,35.4,0,386,13.35
2020-08-23T10:57:46.077,2020-08-23T17:57:46.077,35.4,0,355,13.44
2020-08-23T10:58:16.076,2020-08-23T17:58:16.076,35.4,0,328,13.52
2020-08-23T10:58:46.077,2020-08-23T17:58:46.077,35.4,0,302,13.61
2020-08-23T10:59:16.081,2020-08-23T17:59:16.081,35.4,0,276,13.71
2020-08-23T10:59:46.081,2020-08-23T17:59:46.081,35.4,0,249,13.82
2020-08-23T11:00:16.082,2020-08-23T18:00:16.082,35.4,0,224,13.93
2020-08-23T11:00:46.079,2020-08-23T18:00:46.079,35.4,0,204,14.04
2020-08-23T11:01:16.080,2020-08-23T18:01:16.080,35.4,0,189,14.12
2020-08-23T11:01:46.079,2020-08-23T18:01:46.079,35.4,0,177,14.19
2020-08-23T11:02:16.081,2020-08-23T18:02:16.081,35.4,0,168,14.25
2020-08-23T11:02:46.083,2020-08-23T18:02:46.083,35.4,0,161,14.30
2020-08-23T11:03:16.086,2020-08-23T18:03:16.086,35.1,0,156,14.33
2020-08-23T11:03:46.080,2020-08-23T18:03:46.080,35.1,0,150,14.37
2020-08-23T11:04:16.093,2020-08-23T18:04:16.093,35.1,0,146,14.40
2020-08-23T11:04:46.079,2020-08-23T18:04:46.079,35.1,0,142,14.43
2020-08-23T11:05:16.074,2020-08-23T18:05:16.074,35.1,0,140,14.45
2020-08-23T11:05:46.074,2020-08-23T18:05:46.074,35.1,0,138,14.46
2020-08-23T11:06:16.076,2020-08-23T18:06:16.076,35.1,0,137,14.47
2020-08-23T11:06:46.074,2020-08-23T18:06:46.074,35.1,0,136,14.48
2020-08-23T11:07:16.076,2020-08-23T18:07:16.076,35.1,0,136,14.48
2020-08-23T11:07:46.075,2020-08-23T18:07:46.075,35.1,0,137,14.47
2020-08-23T11:08:16.075,2020-08-23T18:08:16.075,35.1,0,138,14.46
2020-08-23T11:08:46.078,2020-08-23T18:08:46.078,35.1,0,137,14.47
2020-08-23T11:09:16.106,2020-08-23T18:09:16.106,35.1,0,135,14.49
2020-08-23T11:09:46.081,2020-08-23T18:09:46.081,35.1,0,130,14.53
2020-08-23T11:10:16.077,2020-08-23T18:10:16.077,35.1,3947,124,14.64
2020-08-23T11:10:46.077,2020-08-23T18:10:46.077,35.1,3691,119,14.57
2020-08-23T11:11:16.084,2020-08-23T18:11:16.084,35.1,4120,118,14.68
2020-08-23T11:11:46.085,2020-08-23T18:11:46.085,35.1,4067,119,14.67
2020-08-23T11:12:16.082,2020-08-23T18:12:16.082,35.1,3654,121,14.56
2020-08-23T11:12:46.075,2020-08-23T18:12:46.075,34.8,3666,123,14.56
2020-08-23T11:13:16.080,2020-08-23T18:13:16.080,34.8,3611,124,14.54
2020-08-23T11:13:46.081,2020-08-23T18:13:46.081,34.8,3716,124,14.58
2020-08-23T11:14:16.082,2020-08-23T18:14:16.082,34.8,3718,120,14.58
2020-08-23T11:14:46.079,2020-08-23T18:14:46.079,34.8,3915,113,14.63
2020-08-23T11:15:16.078,2020-08-23T18:15:16.078,34.8,4456,106,14.77
2020-08-23T11:15:46.081,2020-08-23T18:15:46.081,34.8,4593,101,14.80
2020-08-23T11:16:16.080,2020-08-23T18:16:16.080,34.8,4681,96,14.82
2020-08-23T11:16:46.079,2020-08-23T18:16:46.079,34.8,4712,96,14.83
2020-08-23T11:17:16.084,2020-08-23T18:17:16.084,34.8,4584,101,14.80
2020-08-23T11:17:46.087,2020-08-23T18:17:46.087,34.8,3977,108,14.65
2020-08-23T11:18:16.080,2020-08-23T18:18:16.080,35.1,3616,124,14.55
2020-08-23T11:18:46.076,2020-08-23T18:18:46.076,35.1,0,144,14.42
2020-08-23T11:19:16.078,2020-08-23T18:19:16.078,35.1,0,158,14.32
2020-08-23T11:19:46.076,2020-08-23T18:19:46.076,35.1,0,149,14.38
2020-08-23T11:20:16.080,2020-08-23T18:20:16.080,35.1,4143,119,14.69
2020-08-23T11:20:46.078,2020-08-23T18:20:46.078,34.8,5071,87,14.91
2020-08-23T11:21:16.083,2020-08-23T18:21:16.083,35.1,7152,62,15.29
2020-08-23T11:21:46.086,2020-08-23T18:21:46.086,35.1,8979,53,15.53
2020-08-23T11:22:16.082,2020-08-23T18:22:16.082,35.1,10172,47,15.66
2020-08-23T11:22:46.081,2020-08-23T18:22:46.081,35.1,12553,38,15.90
2020-08-23T11:23:16.080,2020-08-23T18:23:16.080,35.1,15116,30,16.10
2020-08-23T11:23:46.087,2020-08-23T18:23:46.087,35.1,21849,21,16.49
2020-08-23T11:24:16.082,2020-08-23T18:24:16.082,35.1,29797,15,16.84
2020-08-23T11:24:46.086,2020-08-23T18:24:46.086,35.1,35407,14,17.02
2020-08-23T11:25:16.078,2020-08-23T18:25:16.078,35.1,40242,11,17.16
2020-08-23T11:25:46.084,2020-08-23T18:25:46.084,35.1,48228,10,17.36
2020-08-23T11:26:16.080,2020-08-23T18:26:16.080,35.4,56339,8,17.53
2020-08-23T11:26:46.081,2020-08-23T18:26:46.081,35.4,67624,7,17.73
2020-08-23T11:27:16.088,2020-08-23T18:27:16.088,35.4,78059,5,17.88
2020-08-23T11:27:46.078,2020-08-23T18:27:46.078,35.4,90753,5,18.05
2020-08-23T11:28:16.086,2020-08-23T18:28:16.086,35.4,109088,4,18.24
2020-08-23T11:28:46.086,2020-08-23T18:28:46.086,35.4,126338,4,18.40
2020-08-23T11:29:16.080,2020-08-23T18:29:16.080,35.4,149218,3,18.58
2020-08-23T11:29:46.081,2020-08-23T18:29:46.081,35.4,175876,3,18.76
2020-08-23T11:30:16.082,2020-08-23T18:30:16.082,35.4,208003,2,18.95
2020-08-23T11:30:46.084,2020-08-23T18:30:46.084,35.4,245739,2,19.12
2020-08-23T11:31:16.085,2020-08-23T18:31:16.085,35.4,294160,2,19.32
2020-08-23T11:31:46.085,2020-08-23T18:31:46.085,35.4,350561,1,19.52
2020-08-23T11:32:16.076,2020-08-23T18:32:16.076,35.4,418476,1,19.71
2020-08-23T11:32:46.082,2020-08-23T18:32:46.082,35.4,495529,0,19.89
2020-08-23T11:33:16.084,2020-08-23T18:33:16.084,35.4,589723,0,20.08
2020-08-23T11:33:46.085,2020-08-23T18:33:46.085,35.4,685748,1,20.25
2020-08-23T11:34:16.080,2020-08-23T18:34:16.080,35.4,802580,1,20.42
2020-08-23T11:34:46.078,2020-08-23T18:34:46.078,35.4,939902,0,20.60
2020-08-23T11:35:16.084,2020-08-23T18:35:16.084,35.4,1091169,0,20.76
2020-08-23T11:35:46.080,2020-08-23T18:35:46.080,35.4,1223340,1,20.88
